{
  "best_metric": 0.7948681677562994,
  "best_model_checkpoint": "./results-netsurf2/Rostlab/prot_bert_bfd/SS8-512/prot_bert_bfd/checkpoint-337",
  "epoch": 0.9992587101556709,
  "global_step": 337,
  "is_local_process_zero": true,
  "is_world_process_zero": true,
  "log_history": [
    {
      "epoch": 0.5930318754633062,
      "learning_rate": 3e-05,
      "loss": 1.1004032897949219,
      "step": 200
    },
    {
      "epoch": 0.9992587101556709,
      "eval_accuracy": 0.7948681677562994,
      "eval_f1": 0.7146094469230224,
      "eval_loss": 0.5429767966270447,
      "eval_precision": 0.8673963496747944,
      "eval_recall": 0.6075865529352734,
      "step": 337
    }
  ],
  "max_steps": 1011,
  "num_train_epochs": 3,
  "total_flos": 13887495452811264
}
