{
  "best_metric": 0.6944456299584122,
  "best_model_checkpoint": "./results-set2018/Rostlab/prot_bert_bfd/SS8-512/prot_bert_bfd/checkpoint-480",
  "epoch": 1.9964966913195796,
  "global_step": 480,
  "is_local_process_zero": true,
  "is_world_process_zero": true,
  "log_history": [
    {
      "epoch": 0.830413909432983,
      "learning_rate": 3e-05,
      "loss": 1.4904324340820312,
      "step": 200
    },
    {
      "epoch": 0.9964966913195796,
      "eval_accuracy": 0.6788632343666273,
      "eval_f1": 0.5930245271329131,
      "eval_loss": 0.9882621169090271,
      "eval_precision": 0.6610737573381543,
      "eval_recall": 0.5376774001685198,
      "step": 240
    },
    {
      "epoch": 1.6643311275463866,
      "learning_rate": 1.8461538461538465e-05,
      "loss": 0.9289578247070313,
      "step": 400
    },
    {
      "epoch": 1.9964966913195796,
      "eval_accuracy": 0.6944456299584122,
      "eval_f1": 0.6041241912209654,
      "eval_loss": 0.9038361310958862,
      "eval_precision": 0.6919894216004094,
      "eval_recall": 0.5360582880367439,
      "step": 480
    }
  ],
  "max_steps": 720,
  "num_train_epochs": 3,
  "total_flos": 19835234887845888
}
